id,title,content,verse,image_url,date,author
2b8060fe-ed7b-4698-b17d-66fa833aa43a,Confie Mesmo Sem Entender,"ğŸ“– VersÃ­culo:

â€œConfia no Senhor de todo o teu coraÃ§Ã£o e nÃ£o te apoies em teu prÃ³prio entendimento; reconhece o Senhor em todos os teus caminhos, e Ele endireitarÃ¡ as tuas veredas.â€
â€” ProvÃ©rbios 3:5-6

ğŸ’¡ ReflexÃ£o:
HÃ¡ momentos na vida em que as coisas simplesmente nÃ£o fazem sentido. As portas se fecham, as respostas nÃ£o vÃªm, e o coraÃ§Ã£o se enche de perguntas. Ã‰ nesses dias que a fÃ© se torna mais do que palavras â€” ela se torna uma escolha.
Confiar em Deus nÃ£o significa entender tudo, mas acreditar que Ele sabe o que estÃ¡ fazendo, mesmo quando o cenÃ¡rio parece confuso.
Enquanto tentamos entender o â€œporquÃªâ€, Deus estÃ¡ construindo o â€œpara quÃªâ€. Cada detalhe que hoje parece fora do lugar estÃ¡ sendo usado por Ele para um propÃ³sito maior.

Quando entregamos nossos caminhos ao Senhor, Ele nÃ£o apenas guia â€” Ele endireita.
O que parecia torto, Ele alinha.
O que parecia atrasado, Ele revela que estava no tempo certo.
A fÃ© verdadeira Ã© aquela que continua firme, mesmo no silÃªncio de Deus.

ğŸ™ OraÃ§Ã£o:
Senhor, eu escolho confiar em Ti mesmo quando nÃ£o entendo os Teus caminhos.
Aquieta meu coraÃ§Ã£o e ajuda-me a descansar na Tua vontade.
Que eu nÃ£o me apoie no meu entendimento, mas na Tua sabedoria perfeita.
Conduz meus passos e endireita as veredas da minha vida, para que tudo o que eu fizer glorifique o Teu nome.
Em nome de Jesus, amÃ©m.

ğŸŒ¸ Para Meditar:
Quando nÃ£o entender o que Deus estÃ¡ fazendo, lembre-se do que Ele jÃ¡ fez por vocÃª.",ProvÃ©rbios 3:5-6,https://gorafa.com.br/wp-content/uploads/2024/05/lago-moraine-banff-canada3-820x546-1.jpeg,2025-10-15,Christian Marvila
ca2416eb-b517-4636-a6f7-99ba380219e5,O Valor de cada dia,"Ã€s vezes, a gente vive como se tivesse todo o tempo do mundo. Faz planos longos, se preocupa com coisas pequenas e se esquece de algo essencial: a vida passa rÃ¡pido. O salmista sabia disso e pediu a Deus algo muito simples, mas profundo â€” sabedoria para viver bem o tempo que tem.

NÃ£o Ã© sobre viver com pressa, mas sobre viver com propÃ³sito.
Ã‰ entender que cada dia Ã© um presente e que nÃ£o vale a pena desperdiÃ§ar energia com o que nÃ£o edifica, com rancores ou comparaÃ§Ãµes.

Deus quer nos ensinar a valorizar o hoje â€” o abraÃ§o que podemos dar, a palavra que podemos dizer, o bem que ainda dÃ¡ tempo de fazer.
A sabedoria vem quando olhamos a vida com essa consciÃªncia: o tempo Ã© breve, mas pode ser cheio de sentido se for vivido com Ele.",Salmos 90:12,https://pin.it/FJbfx22ZW,2025-10-16,Admin